{"train_acc": [0.9860396507957683, 0.9965137122402822, 0.9974175746443009, 0.9980025461662312, 0.998446720441113], "train_loss": [0.05757871282535007, 0.012523350973064925, 0.008740775489359446, 0.006602358180029347, 0.0051278831296661205], "val_acc": [0.9940286651557283, 0.9951481265702024, 0.9955572335723423, 0.995990028095932, 0.9959863212700562], "val_loss": [0.021780709518298594, 0.016717380630015925, 0.015481378208780174, 0.013865233443681685, 0.014652776406361107]}