{"train_acc": [0.9822880041761988, 0.993951255403514, 0.9958491498732118, 0.9967141335968144, 0.9972898059747459], "train_loss": [0.07352239741857114, 0.020646751766255328, 0.01437032548026648, 0.011304562869890346, 0.009251052892631775], "val_acc": [0.9938615627342071, 0.9958174392701606, 0.9961218779152151, 0.9963140829171987, 0.9964292494951931], "val_loss": [0.021558291959144226, 0.01449916946983123, 0.012936299278624606, 0.012358770539438657, 0.011849595471968398]}