{"train_acc": [0.9912715628480893, 0.9976170900257688, 0.9982842308571553, 0.9986639594990991, 0.9989392402153017], "train_loss": [0.03885978657089513, 0.00867291055083094, 0.00608766759816241, 0.004652684324242446, 0.0036618866463608013], "val_acc": [0.9959074834124062, 0.9966181090559022, 0.9969982847341338, 0.9971420372498028, 0.9971229606581008], "val_loss": [0.015266134138233486, 0.01256343512834081, 0.011323164722375415, 0.010598256976233374, 0.011018261707963209]}