{"train_acc": [0.9914198915301977, 0.9977577068791632, 0.998383537563754, 0.9987645740596902, 0.9990200565723519], "train_loss": [0.03817488131885134, 0.008202823060618505, 0.005721514944262751, 0.004351971428435094, 0.003431443319086482], "val_acc": [0.9960605481979582, 0.996746943857681, 0.9970213393828732, 0.9972780144721715, 0.9971915821419957], "val_loss": [0.01463093587177646, 0.01174906378507461, 0.010933918344757801, 0.010453844455158182, 0.011193564276960425]}