{"train_acc": [0.9904168126164075, 0.9969659140327728, 0.9977982954513425, 0.9983195880133648, 0.998697061734632, 0.9989604815680755], "train_loss": [0.042406391311442235, 0.010696833394815697, 0.007530050516743338, 0.005657807267281093, 0.00436510111483226, 0.0034426678087264117], "val_acc": [0.9945847794474768, 0.9954682697513244, 0.9958021553113029, 0.9962307909570808, 0.9963639654574458, 0.9963881050308317], "val_loss": [0.018991644735413437, 0.015687343009515214, 0.014654745625177384, 0.013589278181225043, 0.013729476215748245, 0.014233267986898016]}