{"train_acc": [0.9772551307605998, 0.992677864009217, 0.9950487117817756, 0.9961421942685044, 0.9968514736966012, 0.9973698859101762, 0.9977961760927675], "train_loss": [0.09346834861380483, 0.02562439183913112, 0.016798146217048403, 0.012940533400938856, 0.010501012560425363, 0.008699906278451075, 0.0072775747748828725], "val_acc": [0.9925194517132349, 0.9948016661416713, 0.9954695931882391, 0.9957570208107375, 0.9958694499828032, 0.996015901199981, 0.9960782749493531], "val_loss": [0.028040752600552783, 0.01746452220868029, 0.014739294959949573, 0.013910163181552951, 0.013323590849206698, 0.013477377116740099, 0.01375074232469517]}